name,count
depressing,33
sad,14
xpost,13
mother,12
life,12
after,12
years,11
song,11
found,11
dog,11
time,10
most,10
man,10
last,10
horribly,10
girl,10
all,10
story,9
poem,9
pics,9
people,9
out,9
father,9
death,9
before,9
while,8
up,8
love,8
have,8
day,8
child,8
been,8
saw,7
morbidreality,7
him,7
here's,7
gets,7
friend,7
don't,7
can,7
your,6
who,6
thought,6
their,6
son,6
saddest,6
really,6
never,6
little,6
kids,6
home,6
has,6
down,6
died,6
dad,6
wtf,5
what,5
video,5
she,5
seen,5
reality,5
over,5
only,5
more,5
letter,5
into,5
going,5
go,5
funny,5
family,5
do,5
depression,5
dead,5
days,5
comics,5
comic,5
being,5
back,5
world,4
wife,4
when,4
well,4
week,4
today,4
times,4
think,4
they,4
there,4
suicide,4
still,4
some,4
or,4
now,4
night,4
new,4
minutes,4
lyrics,4
like,4
killed,4
its,4
i'll,4
homeless,4
had,4
guys,4
grave,4
get,4
film,4
few,4
feels,4
elephant,4
driving,4
depressed,4
deceased,4
chan,4
birthday,4
bird,4
big,4
bad,4
baby,4
as,4
always,4
alone,4
ads,4
youtube,3
would,3
will,3
we,3
war,3
want,3
waits,3
trying,3
three,3
thing,3
them,3
sure,3
subreddit,3
star,3
something,3
soldier,3
shot,3
school,3
recently,3
real,3
read,3
posted,3
place,3
picture,3
oden,3
nothing,3
murdered,3
much,3
might,3
memorial,3
many,3
makes,3
made,3
lost,3
long,3
left,3
korean,3
know,3
kill,3
jim,3
henson's,3
hard,3
happy,3
guy,3
got,3
game,3
front,3
floor,3
fire,3
find,3
eyes,3
every,3
ever,3
even,3
eve,3
drunk,3
drive,3
does,3
dies,3
die,3
did,3
cry,3
comments,3
city,3
children,3
cage,3
boy,3
better,3
belonged,3
because,3
around,3
archie,3
anything,3
amp,3
actually,3
zoo,2
youtuber,2
wrote,2
worst,2
worker,2
word,2
woman,2
without,2
wish,2
where,2
whatever,2
what's,2
wedding,2
watched,2
watch,2
warning,2
wall,2
waiting,2
voice,2
visited,2
videos,2
used,2
try,2
tries,2
tomorrow,2
things,2
there's,2
then,2
text,2
talent,2
taking,2
system,2
subtle,2
stuff,2
street,2
stop,2
stewart,2
start,2
spoken,2
spirit,2
soul,2
sorry,2
sometimes,2
sleeping,2
sings,2
since,2
side,2
shows,2
show,2
short,2
share,2
seem,2
secret,2
say,2
said,2
sadness,2
red,2
realize,2
reads,2
raped,2
quite,2
posts,2
posting,2
poor,2
point,2
played,2
photo,2
person,2
partner,2
part,2
park,2
parents,2
pan,2
page,2
own,2
once,2
older,2
nyc,2
nuclear,2
note,2
newgrounds,2
need,2
named,2
name,2
mouse,2
motion,2
mother's,2
morbid,2
money,2
mom,2
modest,2
mine,2
May,2
mary,2
maps,2
lose,2
living,2
learns,2
later,2
land,2
konstantin,2
kittens,2
johnny,2
jimmy,2
iraqi,2
insurance,2
inside,2
immortal,2
image,2
i'd,2
house,2
hour,2
hobo,2
hit,2
high,2
help,2
he's,2
hate,2
grandmother,2
google,2
gone,2
games,2
friends,2
freezes,2
forgotten,2
flash,2
first,2
finally,2
feelings,2
feeling,2
far,2
facebook,2
ex,2
entry,2
ending,2
eight,2
during,2
due,2
drinking,2
draw,2
diary,2
daughter,2
cyanide,2
crushing,2
critical,2
could,2
corner,2
cop,2
commits,2
commercial,2
come,2
com,2
christmas,2
cat,2
care,2
car,2
cancer,2
burden,2
broken,2
bright,2
both,2
bomb,2
body,2
blind,2
belongs,2
beau,2
attack,2
askreddit,2
alzheimer's,2
ago,2
age,2
ad,2